bytes	path
0	.internal_beta_gate.out
0	.zero_human_pain_gate.err
0	source/apps/web-admin/.web_admin_claims_gate_runner.err
0	source/apps/web-admin/.web_admin_claims_gate_runner.out
0	source/apps/web-admin/.web_admin_diagnostics_smoke.err
0	source/apps/web-admin/.web_admin_diagnostics_smoke.out
0	source/apps/web-admin/.web_admin_gate_runner.err
0	source/apps/web-admin/.web_admin_gate_runner.out
2	source/apps/mobile-customer/local-ci/verification/phase4_evidence/cto_gate_normal_exit.txt
3	docs/parity/evidence/phase3/20260106_190015/status.txt
6	.firebase_emulator.pid
11	source/backend/rest-api/.gitignore
18	source/apps/mobile-customer/linux/.gitignore
18	source/apps/mobile-merchant/linux/.gitignore
33	docs/parity/evidence/fullstack/20260120_185147/status.txt
33	docs/parity/evidence/release/20260120_185254/status.txt
35	docs/parity/evidence/fullstack/20260116_151127/status.txt
35	docs/parity/evidence/fullstack/20260120_181609/status.txt
35	docs/parity/evidence/fullstack/20260120_223216/status.txt
35	docs/parity/evidence/fullstack/20260120_223804/status.txt
35	docs/parity/evidence/release/20260120_181516/status.txt
35	docs/parity/evidence/release/20260120_223123/status.txt
35	docs/parity/evidence/release/20260120_223712/status.txt
38	source/apps/mobile-customer/ios/Runner/Runner-Bridging-Header.h
38	source/apps/mobile-merchant/ios/Runner/Runner-Bridging-Header.h
55	docs/parity/evidence/phase3/20260106_192614/status.txt
55	source/infra/.firebaserc
68	docs/parity/evidence/release/20260106_192647/status.txt
68	source/apps/mobile-customer/ios/Runner/Assets.xcassets/LaunchImage.imageset/LaunchImage.png
68	source/apps/mobile-customer/ios/Runner/Assets.xcassets/LaunchImage.imageset/LaunchImage@2x.png
68	source/apps/mobile-customer/ios/Runner/Assets.xcassets/LaunchImage.imageset/LaunchImage@3x.png
68	source/apps/mobile-merchant/ios/Runner/Assets.xcassets/LaunchImage.imageset/LaunchImage.png
68	source/apps/mobile-merchant/ios/Runner/Assets.xcassets/LaunchImage.imageset/LaunchImage@2x.png
68	source/apps/mobile-merchant/ios/Runner/Assets.xcassets/LaunchImage.imageset/LaunchImage@3x.png
73	docs/parity/evidence/phase3/20260106_194538/status.txt
74	docs/parity/evidence/phase3/20260120_174344/status.txt
74	docs/parity/evidence/phase3/20260120_180434/status.txt
75	source/apps/web-admin/components/FraudPanel.tsx
75	source/apps/web-admin/components/StatsPanel.tsx
77	source/apps/mobile-customer/macos/Runner/Configs/Debug.xcconfig
77	source/apps/mobile-merchant/macos/Runner/Configs/Debug.xcconfig
77	source/backend/firebase-functions/src/analytics/auditLogs.ts
79	source/apps/mobile-customer/local-ci/verification/phase4_evidence/stub_scan.txt
79	source/apps/mobile-customer/macos/Runner/Configs/Release.xcconfig
79	source/apps/mobile-merchant/macos/Runner/Configs/Release.xcconfig
81	docs/parity/evidence/phase3/20260106_195932/status.txt
81	docs/parity/evidence/phase3/20260106_202949/status.txt
81	source/apps/web-admin/components/BillingPanel.tsx
84	source/apps/web-admin/components/CampaignForm.tsx
87	source/apps/web-admin/pages/admin/billing.tsx
87	source/backend/firebase-functions/src/analytics/aggregator.ts
89	source/apps/mobile-customer/macos/.gitignore
89	source/apps/mobile-merchant/macos/.gitignore
89	source/apps/web-admin/components/CampaignSendForm.tsx
93	source/apps/web-admin/components/AuditLogsTable.tsx
94	docs/parity/evidence/release/20260106_194604/status.txt
94	source/backend/firebase-functions/src/analytics/stats.ts
95	source/apps/web-admin/pages/admin/audit-logs.tsx
95	source/backend/firebase-functions/src/access/staffManagement.ts
96	source/apps/web-admin/components/CampaignStatsTable.tsx
98	source/apps/web-admin/components/PointsAdjustForm.tsx
98	source/apps/web-admin/components/PointsExpireForm.tsx
100	source/backend/firebase-functions/src/core/merchants.ts
101	source/apps/web-admin/pages/admin/fraud.tsx
104	source/apps/mobile-merchant/lib/services/subscription_service.dart
104	source/apps/web-admin/components/PointsTransferForm.tsx
104	source/apps/web-admin/pages/admin/campaigns/send.tsx
106	source/apps/web-admin/pages/admin/points.tsx
107	source/apps/mobile-customer/ios/Flutter/Debug.xcconfig
107	source/apps/mobile-merchant/ios/Flutter/Debug.xcconfig
107	source/apps/web-admin/pages/admin/campaigns/stats.tsx
108	source/apps/mobile-merchant/lib/services/staff_service.dart
108	source/apps/web-admin/src/__tests__/pages/points.test.tsx
109	source/apps/mobile-customer/ios/Flutter/Release.xcconfig
109	source/apps/mobile-merchant/ios/Flutter/Release.xcconfig
110	source/apps/web-admin/pages/admin/campaigns/create.tsx
111	source/backend/firebase-functions/src/__tests__/points.test.ts
112	source/backend/firebase-functions/src/payments/stripe.ts
113	docs/parity/evidence/release/20260106_200008/status.txt
113	source/backend/firebase-functions/src/__tests__/fcm.test.ts
114	source/apps/web-admin/src/__tests__/pages/campaigns.test.tsx
114	source/backend/rest-api/src/tests/smoke.unit.test.js
119	source/apps/mobile-merchant/lib/services/merchant_service.dart
123	source/ARTIFACTS/HANDOFF/DOWNLOADS/SHA256SUMS.txt
124	source/backend/firebase-functions/tsconfig.test.json
125	source/apps/mobile-customer/macos/Flutter/Flutter-Debug.xcconfig
125	source/apps/mobile-merchant/macos/Flutter/Flutter-Debug.xcconfig
127	source/apps/mobile-customer/macos/Flutter/Flutter-Release.xcconfig
127	source/apps/mobile-merchant/macos/Flutter/Flutter-Release.xcconfig
127	source/backend/firebase-functions/src/utils/healthcheck.ts
128	tools/gates/gate_auto.sh
133	source/apps/mobile-merchant/lib/services/offer_service.dart
133	source/backend/firebase-functions/.prettierrc
135	source/apps/mobile-customer/ios/Runner.xcodeproj/project.xcworkspace/contents.xcworkspacedata
135	source/apps/mobile-merchant/ios/Runner.xcodeproj/project.xcworkspace/contents.xcworkspacedata
138	source/apps/mobile-customer/android/app/src/main/kotlin/lb/urbanpoints/urban_points_customer/MainActivity.kt
138	source/apps/mobile-merchant/android/app/src/main/kotlin/lb/urbanpoints/urban_points_merchant/MainActivity.kt
140	reality_map/FINAL_GATE.txt
150	source/apps/web-admin/pages/_app.tsx
152	source/apps/mobile-customer/ios/Runner.xcworkspace/contents.xcworkspacedata
152	source/apps/mobile-customer/macos/Runner.xcworkspace/contents.xcworkspacedata
152	source/apps/mobile-merchant/ios/Runner.xcworkspace/contents.xcworkspacedata
152	source/apps/mobile-merchant/macos/Runner.xcworkspace/contents.xcworkspacedata
153	.internal_beta_gate.err
162	source/backend/firebase-functions/src/__tests__/firestore.rules
163	source/apps/mobile-merchant/lib/services/redemption_service.dart
166	source/apps/mobile-customer/android/gradle.properties
166	source/apps/mobile-merchant/android/gradle.properties
166	source/apps/mobile-merchant/test/offer_creation_test.dart
166	source/apps/mobile-merchant/test/redemption_approval_test.dart
168	source/backend/firebase-functions/src/__tests__/phase3_guard.ts
172	source/backend/firebase-functions/src/fcm.ts
174	source/backend/firebase-functions/src/core/redemptions.ts
179	tools/loop_auto.sh
180	source/apps/mobile-customer/linux/runner/main.cc
180	source/apps/mobile-merchant/linux/runner/main.cc
201	source/apps/mobile-customer/android/gradle/wrapper/gradle-wrapper.properties
201	source/apps/mobile-merchant/android/gradle/wrapper/gradle-wrapper.properties
226	source/apps/mobile-customer/ios/Runner.xcodeproj/project.xcworkspace/xcshareddata/WorkspaceSettings.xcsettings
226	source/apps/mobile-customer/ios/Runner.xcworkspace/xcshareddata/WorkspaceSettings.xcsettings
226	source/apps/mobile-merchant/ios/Runner.xcodeproj/project.xcworkspace/xcshareddata/WorkspaceSettings.xcsettings
226	source/apps/mobile-merchant/ios/Runner.xcworkspace/xcshareddata/WorkspaceSettings.xcsettings
238	source/apps/mobile-customer/ios/Runner.xcodeproj/project.xcworkspace/xcshareddata/IDEWorkspaceChecks.plist
238	source/apps/mobile-customer/ios/Runner.xcworkspace/xcshareddata/IDEWorkspaceChecks.plist
238	source/apps/mobile-customer/macos/Runner.xcodeproj/project.xcworkspace/xcshareddata/IDEWorkspaceChecks.plist
238	source/apps/mobile-customer/macos/Runner.xcworkspace/xcshareddata/IDEWorkspaceChecks.plist
238	source/apps/mobile-merchant/ios/Runner.xcodeproj/project.xcworkspace/xcshareddata/IDEWorkspaceChecks.plist
238	source/apps/mobile-merchant/ios/Runner.xcworkspace/xcshareddata/IDEWorkspaceChecks.plist
238	source/apps/mobile-merchant/macos/Runner.xcodeproj/project.xcworkspace/xcshareddata/IDEWorkspaceChecks.plist
238	source/apps/mobile-merchant/macos/Runner.xcworkspace/xcshareddata/IDEWorkspaceChecks.plist
239	source/backend/rest-api/temp_fix.sh
240	source/apps/mobile-customer/macos/Runner/Release.entitlements
240	source/apps/mobile-merchant/macos/Runner/Release.entitlements
249	source/apps/web-admin/next-env.d.ts
251	docs/parity/evidence/fullstack/20260106_222008/status.txt
251	docs/parity/evidence/fullstack/20260106_223346/status.txt
251	docs/parity/evidence/fullstack/20260106_224927/status.txt
253	source/apps/mobile-customer/android/.gitignore
253	source/apps/mobile-merchant/android/.gitignore
257	docs/parity/evidence/fullstack/20260106_204225/status.txt
257	docs/parity/evidence/fullstack/20260106_223516/status.txt
257	docs/parity/evidence/fullstack/20260106_223641/status.txt
257	docs/parity/evidence/fullstack/20260106_223753/status.txt
257	docs/parity/evidence/fullstack/20260106_223902/status.txt
257	docs/parity/evidence/fullstack/20260106_224131/status.txt
270	source/ARTIFACTS/RECONCILIATION/disk_after.txt
270	source/ARTIFACTS/RECONCILIATION/disk_before.txt
282	source/apps/mobile-customer/ios/Runner/Assets.xcassets/AppIcon.appiconset/Icon-App-29x29@1x.png
282	source/apps/mobile-merchant/ios/Runner/Assets.xcassets/AppIcon.appiconset/Icon-App-29x29@1x.png
283	source/backend/firebase-functions/src/__tests__/minimal.test.ts
285	source/apps/mobile-customer/ios/RunnerTests/RunnerTests.swift
285	source/apps/mobile-merchant/ios/RunnerTests/RunnerTests.swift
290	source/apps/mobile-customer/macos/RunnerTests/RunnerTests.swift
290	source/apps/mobile-merchant/macos/RunnerTests/RunnerTests.swift
291	source/apps/mobile-customer/windows/.gitignore
291	source/apps/mobile-merchant/windows/.gitignore
295	source/apps/mobile-customer/ios/Runner/Assets.xcassets/AppIcon.appiconset/Icon-App-20x20@1x.png
295	source/apps/mobile-merchant/ios/Runner/Assets.xcassets/AppIcon.appiconset/Icon-App-20x20@1x.png
302	source/apps/mobile-customer/windows/flutter/generated_plugin_registrant.h
302	source/apps/mobile-merchant/windows/flutter/generated_plugin_registrant.h
303	source/apps/mobile-customer/linux/flutter/generated_plugin_registrant.h
303	source/apps/mobile-merchant/linux/flutter/generated_plugin_registrant.h
311	source/apps/mobile-customer/macos/Runner/AppDelegate.swift
311	source/apps/mobile-merchant/macos/Runner/AppDelegate.swift
325	docs/parity/evidence/phase3/20260106_192614/meta.json
325	docs/parity/evidence/phase3/20260106_194538/meta.json
325	source/backend/firebase-functions/tsconfig.json
330	source/apps/web-admin/playwright.config.ts
332	source/backend/firebase-functions/src/tests/integration_disabled/README.md
336	source/apps/mobile-customer/ios/Runner/Assets.xcassets/LaunchImage.imageset/README.md
336	source/apps/mobile-merchant/ios/Runner/Assets.xcassets/LaunchImage.imageset/README.md
344	docs/parity/evidence/release/20260106_192647/meta.json
345	docs/parity/evidence/release/20260106_194604/meta.json
348	source/apps/mobile-customer/macos/Runner/DebugProfile.entitlements
348	source/apps/mobile-merchant/macos/Runner/DebugProfile.entitlements
353	docs/parity/evidence/phase3/20260106_195932/meta.json
353	docs/parity/evidence/phase3/20260106_202949/meta.json
372	docs/parity/evidence/release/20260106_200008/meta.json
377	source/backend/firebase-functions/src/fraud.ts
378	source/apps/mobile-customer/android/app/src/debug/AndroidManifest.xml
378	source/apps/mobile-customer/android/app/src/profile/AndroidManifest.xml
378	source/apps/mobile-merchant/android/app/src/debug/AndroidManifest.xml
378	source/apps/mobile-merchant/android/app/src/profile/AndroidManifest.xml
386	tools/fixtures/stripe/events/checkout.session.completed.json
388	docs/parity/evidence/phase3/20260120_174344/meta.json
388	docs/parity/evidence/phase3/20260120_180434/meta.json
388	source/apps/mobile-customer/linux/runner/my_application.h
388	source/apps/mobile-customer/macos/Runner/MainFlutterWindow.swift
388	source/apps/mobile-merchant/linux/runner/my_application.h
388	source/apps/mobile-merchant/macos/Runner/MainFlutterWindow.swift
391	source/apps/mobile-customer/ios/Runner/AppDelegate.swift
391	source/apps/mobile-customer/ios/Runner/Assets.xcassets/LaunchImage.imageset/Contents.json
391	source/apps/mobile-merchant/ios/Runner/AppDelegate.swift
391	source/apps/mobile-merchant/ios/Runner/Assets.xcassets/LaunchImage.imageset/Contents.json
402	source/apps/mobile-merchant/analysis_options.yaml
406	source/apps/mobile-customer/ios/Runner/Assets.xcassets/AppIcon.appiconset/Icon-App-20x20@2x.png
406	source/apps/mobile-customer/ios/Runner/Assets.xcassets/AppIcon.appiconset/Icon-App-40x40@1x.png
406	source/apps/mobile-merchant/ios/Runner/Assets.xcassets/AppIcon.appiconset/Icon-App-20x20@2x.png
406	source/apps/mobile-merchant/ios/Runner/Assets.xcassets/AppIcon.appiconset/Icon-App-40x40@1x.png
414	tools/fixtures/stripe/events/payment_intent.succeeded.json
420	source/apps/web-admin/lib/claims.ts
421	source/ARTIFACTS/HANDOFF/PROOFS/SUPABASE_ZERO_PROOF.md
432	source/apps/mobile-customer/windows/runner/resource.h
432	source/apps/mobile-merchant/windows/runner/resource.h
434	docs/BLOCKER_ADMIN_WEB_TESTS.md
434	source/apps/mobile-customer/android/app/src/main/res/drawable/launch_background.xml
434	source/apps/mobile-customer/linux/flutter/generated_plugin_registrant.cc
434	source/apps/mobile-merchant/android/app/src/main/res/drawable/launch_background.xml
434	source/apps/mobile-merchant/linux/flutter/generated_plugin_registrant.cc
438	source/apps/mobile-customer/android/app/src/main/res/drawable-v21/launch_background.xml
438	source/apps/mobile-merchant/android/app/src/main/res/drawable-v21/launch_background.xml
441	docs/BLOCKER_BACKEND_UNIT_TESTS.md
441	source/backend/firebase-functions/tsconfig.build.json
442	source/apps/mobile-customer/android/app/src/main/res/mipmap-mdpi/ic_launcher.png
442	source/apps/mobile-merchant/android/app/src/main/res/mipmap-mdpi/ic_launcher.png
447	docs/BLOCKER_MERCHANT_APP_UNIT_TESTS.md
450	source/apps/mobile-customer/ios/Runner/Assets.xcassets/AppIcon.appiconset/Icon-App-20x20@3x.png
450	source/apps/mobile-merchant/ios/Runner/Assets.xcassets/AppIcon.appiconset/Icon-App-20x20@3x.png
451	tools/vibe/run_truth_bundle.sh
462	.zero_human_pain_gate.out
462	source/apps/mobile-customer/ios/Runner/Assets.xcassets/AppIcon.appiconset/Icon-App-29x29@2x.png
462	source/apps/mobile-merchant/ios/Runner/Assets.xcassets/AppIcon.appiconset/Icon-App-29x29@2x.png
470	package.json
470	source/apps/mobile-customer/lib/services/onboarding_service.dart
479	source/apps/mobile-merchant/lib/screens/subscription_screen.dart
482	source/apps/mobile-merchant/lib/screens/profile_edit_screen.dart
491	source/apps/mobile-merchant/lib/services/onboarding_service.dart
493	source/apps/mobile-customer/test/smoke_test.dart
496	source/apps/mobile-merchant/lib/screens/offer_creation_screen.dart
502	source/apps/mobile-merchant/test/smoke_test.dart
505	source/apps/mobile-merchant/lib/screens/staff_management_screen.dart
520	source/apps/mobile-customer/macos/Runner/Assets.xcassets/AppIcon.appiconset/app_icon_16.png
520	source/apps/mobile-merchant/macos/Runner/Assets.xcassets/AppIcon.appiconset/app_icon_16.png
520	source/backend/rest-api/ecosystem.config.js
523	source/apps/mobile-merchant/lib/screens/redemption_history_screen.dart
533	source/apps/mobile-merchant/lib/screens/redemption_approval_screen.dart
537	source/apps/mobile-customer/android/build.gradle.kts
537	source/apps/mobile-merchant/android/build.gradle.kts
544	source/apps/mobile-customer/android/app/src/main/res/mipmap-hdpi/ic_launcher.png
544	source/apps/mobile-merchant/android/app/src/main/res/mipmap-hdpi/ic_launcher.png
548	WEEK_DELTA_REPORT.md
558	docs/parity/evidence/fullstack/20260106_222008/meta.json
558	docs/parity/evidence/fullstack/20260106_223346/meta.json
558	docs/parity/evidence/fullstack/20260106_223516/meta.json
558	docs/parity/evidence/fullstack/20260106_223641/meta.json
558	docs/parity/evidence/fullstack/20260106_223753/meta.json
558	docs/parity/evidence/fullstack/20260106_223902/meta.json
558	docs/parity/evidence/fullstack/20260106_224131/meta.json
558	docs/parity/evidence/fullstack/20260106_224927/meta.json
564	docs/parity/evidence/fullstack/20260106_204225/meta.json
564	source/apps/mobile-customer/README.md
564	source/apps/mobile-merchant/README.md
569	source/apps/mobile-customer/ios/.gitignore
569	source/apps/mobile-merchant/ios/.gitignore
580	source/apps/mobile-customer/macos/Runner/Configs/Warnings.xcconfig
580	source/apps/mobile-merchant/macos/Runner/Configs/Warnings.xcconfig
581	source/backend/firebase-functions/src/tests/smoke.unit.test.ts
586	source/apps/mobile-customer/ios/Runner/Assets.xcassets/AppIcon.appiconset/Icon-App-40x40@2x.png
586	source/apps/mobile-merchant/ios/Runner/Assets.xcassets/AppIcon.appiconset/Icon-App-40x40@2x.png
600	source/.firebaserc
602	source/apps/mobile-customer/windows/runner/runner.exe.manifest
602	source/apps/mobile-merchant/windows/runner/runner.exe.manifest
629	source/apps/mobile-customer/lib/models/location.dart
633	source/apps/mobile-customer/macos/Runner/Configs/AppInfo.xcconfig
633	source/apps/mobile-merchant/macos/Runner/Configs/AppInfo.xcconfig
640	source/infra/firebase.json
642	source/apps/web-admin/pages/admin/dashboard.tsx
651	source/backend/rest-api/tsconfig.json
653	source/apps/web-admin/tsconfig.json
663	source/apps/web-admin/tests/e2e/smoke.spec.ts
672	source/apps/mobile-customer/windows/runner/utils.h
672	source/apps/mobile-merchant/windows/runner/utils.h
673	docs/BLOCKER_FRAUD_DETECTION_DASHBOARD.md
677	docs/BLOCKER_REDEMPTION_LOGS_HISTORY.md
679	docs/BLOCKER_SEND_CAMPAIGN.md
680	docs/BLOCKER_CAMPAIGN_STATS.md
684	docs/BLOCKER_REDEMPTION_AUDIT_LOGS.md
691	docs/BLOCKER_CREATE_PUSH_CAMPAIGN.md
691	docs/BLOCKER_EXPIRE_POINTS_MANUAL.md
692	docs/BLOCKER_STORE_PROFILE_MANAGEMENT.md
693	docs/BLOCKER_DAILY_STATS_DASHBOARD.md
693	docs/BLOCKER_MANUAL_POINTS_ADJUSTMENT.md
695	GAP_MAP_vs_URBAN_POINT_QATAR.md
699	docs/BLOCKER_POINTS_TRANSFER_USER-TO-USER.md
701	docs/BLOCKER_ANTI-FRAUD_RATE_LIMITING.md
702	docs/BLOCKER_MEDIA_UPLOAD_IMAGES_VIDEOS.md
703	docs/BLOCKER_REMOVE_MOCK_DATA_FROM_ANALYTICS.md
703	source/apps/mobile-customer/.gitignore
703	source/apps/mobile-merchant/.gitignore
704	docs/BLOCKER_FCM_TOKEN_REGISTRATION_VIA_BACKEND.md
704	source/apps/mobile-customer/ios/Runner/Assets.xcassets/AppIcon.appiconset/Icon-App-29x29@3x.png
704	source/apps/mobile-merchant/ios/Runner/Assets.xcassets/AppIcon.appiconset/Icon-App-29x29@3x.png
705	docs/BLOCKER_STRIPE_INTEGRATION_PAGES.md
705	docs/BLOCKER_SUBSCRIPTION_STATUS_DISPLAY.md
709	docs/BLOCKER_RESOLVE_ORPHAN_FUNCTIONS.md
712	docs/BLOCKER_STAFF_ACCOUNT_MANAGEMENT.md
721	source/apps/mobile-customer/android/app/src/main/res/mipmap-xhdpi/ic_launcher.png
721	source/apps/mobile-merchant/android/app/src/main/res/mipmap-xhdpi/ic_launcher.png
739	source/firebase.json
755	source/backend/firebase-functions/.env.deployment
758	tools/gates/ord_09.sh
758	tools/gates/ord_10.sh
760	source/apps/mobile-customer/linux/flutter/generated_plugins.cmake
760	source/apps/mobile-merchant/linux/flutter/generated_plugins.cmake
762	source/apps/mobile-customer/ios/Runner/Assets.xcassets/AppIcon.appiconset/Icon-App-76x76@1x.png
762	source/apps/mobile-merchant/ios/Runner/Assets.xcassets/AppIcon.appiconset/Icon-App-76x76@1x.png
766	tools/gates/run_reality_gate.sh
770	source/apps/mobile-customer/android/settings.gradle.kts
770	source/apps/mobile-merchant/android/settings.gradle.kts
774	source/apps/mobile-customer/ios/Flutter/AppFrameworkInfo.plist
774	source/apps/mobile-merchant/ios/Flutter/AppFrameworkInfo.plist
785	tools/gates/ord_03.sh
787	source/apps/web-admin/lib/firebaseClient.ts
809	source/backend/firebase-functions/src/scheduled_disabled.ts
816	source/apps/mobile-merchant/windows/flutter/generated_plugins.cmake
817	source/apps/mobile-customer/test/screens/redemption_confirmation_screen_test.dart
818	source/apps/web-admin/_headers
831	source/apps/web-admin/package.json
833	source/apps/mobile-merchant/windows/flutter/generated_plugin_registrant.cc
833	source/backend/firebase-functions/src/webhooks/stripe.ts
837	source/apps/mobile-customer/windows/flutter/generated_plugins.cmake
849	source/backend/firebase-functions/src/__tests__/jest-wrapper-experiment.ts
853	source/apps/mobile-customer/test/screens/favorites_screen_test.dart
856	tools/gates/ord_02.sh
861	source/backend/firebase-functions/.eslintrc.js
862	source/apps/mobile-customer/ios/Runner/Assets.xcassets/AppIcon.appiconset/Icon-App-40x40@3x.png
862	source/apps/mobile-customer/ios/Runner/Assets.xcassets/AppIcon.appiconset/Icon-App-60x60@2x.png
862	source/apps/mobile-merchant/ios/Runner/Assets.xcassets/AppIcon.appiconset/Icon-App-40x40@3x.png
862	source/apps/mobile-merchant/ios/Runner/Assets.xcassets/AppIcon.appiconset/Icon-App-60x60@2x.png
873	source/backend/firebase-functions/jest.setup.js
886	source/apps/mobile-customer/test/widget_test.dart
897	docs/STRIPE_CLIENT_MANUAL_QA.md
915	source/backend/firebase-functions/jest.config.js
915	tools/gates/ord_11.sh
917	source/apps/mobile-customer/web/favicon.png
917	source/apps/mobile-merchant/web/favicon.png
924	docs/BLOCKER_FIRESTORE_COMPOSITE_INDEXES.md
927	tools/stripe_samples/invoice_payment_succeeded.json
928	source/apps/mobile-customer/windows/runner/flutter_window.h
928	source/apps/mobile-merchant/windows/runner/flutter_window.h
941	source/apps/mobile-customer/test/screens/settings_gdpr_test.dart
943	tools/gates/ord_08.sh
945	docs/BLOCKER_QATAR_BASELINE_WEAK.md
946	docs/QATAR_BASELINE_SOURCES.md
957	tools/gates/ord_06.sh
957	tools/gates/ord_07.sh
969	docs/BLOCKER_FIRESTORE_SECURITY_RULES.md
974	source/apps/mobile-customer/linux/runner/CMakeLists.txt
974	source/apps/mobile-merchant/linux/runner/CMakeLists.txt
986	tools/stripe_samples/customer_subscription_created.json
987	source/apps/mobile-customer/windows/flutter/generated_plugin_registrant.cc
995	source/apps/mobile-customer/android/app/src/main/res/values-night/styles.xml
995	source/apps/mobile-merchant/android/app/src/main/res/values-night/styles.xml
995	source/apps/mobile-merchant/web/manifest.json
996	source/apps/mobile-customer/android/app/src/main/res/values/styles.xml
996	source/apps/mobile-merchant/android/app/src/main/res/values/styles.xml
1005	source/backend/firebase-functions/k6_smoke.js
1006	source/apps/mobile-customer/web/manifest.json
1010	tools/gates/ord_12.sh
1013	source/ARTIFACTS/INTEGRATION/DAY1_DEPLOY_UNBLOCK_secrets.md
1023	.gitignore
1031	source/apps/mobile-customer/android/app/src/main/res/mipmap-xxhdpi/ic_launcher.png
1031	source/apps/mobile-merchant/android/app/src/main/res/mipmap-xxhdpi/ic_launcher.png
1031	source/backend/firebase-functions/load-env.js
1043	tools/gates/ord_01.sh
1049	source/apps/mobile-customer/test/screens/redemption_history_screen_test.dart
1050	source/apps/mobile-merchant/lib/screens/onboarding/onboarding_screen.dart
1054	tools/gates/ord_05.sh
1060	source/apps/mobile-customer/macos/Runner/Info.plist
1060	source/apps/mobile-merchant/macos/Runner/Info.plist
1066	source/apps/mobile-customer/macos/Runner/Assets.xcassets/AppIcon.appiconset/app_icon_32.png
1066	source/apps/mobile-merchant/macos/Runner/Assets.xcassets/AppIcon.appiconset/app_icon_32.png
1068	source/apps/mobile-customer/lib/widgets/empty_states/history_empty_state.dart
1070	source/apps/mobile-customer/lib/widgets/empty_states/search_empty_state.dart
1076	tools/gates/ord_13.sh
1081	BACKLOG.md
1089	source/apps/mobile-customer/lib/widgets/empty_states/offers_empty_state.dart
1094	source/backend/firebase-functions/CONFIG_SETUP.md
1102	tools/test_gate_quick.sh
1116	docs/BLOCKER_ADMIN_PAYMENT_CAMPAIGNS.md
1129	spec/SECRETS_REQUIRED.md
1144	source/ARTIFACTS/HANDOFF/ENVIRONMENT.txt
1151	docs/ROADMAP_EVIDENCE_INDEX.md
1163	source/apps/mobile-merchant/lib/widgets/empty_states/merchant_redemptions_empty_state.dart
1181	source/backend/firebase-functions/.gitignore
1203	source/ARTIFACTS/INTEGRATION/DAY1_DEPLOY_UNBLOCK_scheduled_inventory.md
1204	source/backend/firebase-functions/tools/loop.sh
1213	source/backend/rest-api/.env
1226	source/apps/mobile-customer/ios/Runner/Assets.xcassets/AppIcon.appiconset/Icon-App-76x76@2x.png
1226	source/apps/mobile-merchant/ios/Runner/Assets.xcassets/AppIcon.appiconset/Icon-App-76x76@2x.png
1229	tools/stripe_samples/checkout_session_completed.json
1240	source/apps/mobile-customer/web/index.html
1240	source/apps/mobile-merchant/web/index.html
1253	tools/phase4_extract_blocks.py
1261	source/apps/mobile-customer/macos/Flutter/GeneratedPluginRegistrant.swift
1261	source/backend/rest-api/.env.example
1262	tools/policy_contract.json
1265	source/apps/mobile-merchant/macos/Flutter/GeneratedPluginRegistrant.swift
1266	source/apps/web-admin/vercel.json
1271	tools/audit/show_reality_map_stats.py
1272	source/backend/rest-api/src/tests/entitlement.test.js
1274	source/apps/mobile-customer/windows/runner/main.cpp
1274	source/apps/mobile-merchant/windows/runner/main.cpp
1291	source/apps/mobile-customer/macos/Runner/Assets.xcassets/AppIcon.appiconset/Contents.json
1291	source/apps/mobile-merchant/macos/Runner/Assets.xcassets/AppIcon.appiconset/Contents.json
1305	source/apps/web-admin/components/AdminGuard.tsx
1306	source/apps/mobile-merchant/integration_test/pain_test.dart
1326	docs/INTEGRATION_TEST_SCENARIOS.md
1330	docs/ARCHITECTURE_OVERVIEW.md
1331	source/backend/firebase-functions/src/__tests__/obsTestHook.test.ts
1346	tools/gates/ord_04.sh
1350	source/apps/mobile-merchant/lib/widgets/empty_states/merchant_offers_empty_state.dart
1366	source/apps/mobile-customer/macos/Podfile
1366	source/apps/mobile-merchant/macos/Podfile
1368	docs/BLOCKER_BACKEND_DATA_QUALITY.md
1368	source/ARTIFACTS/GAP_CLOSURE/customer_fix_report.md
1373	tools/run_internal_beta_gate_wrapper.sh
1374	source/ARTIFACTS/ZERO_GAPS/diff_stat.txt
1391	source/apps/mobile-customer/ios/Podfile
1391	source/apps/mobile-merchant/ios/Podfile
1397	docs/PERFORMANCE_AND_SCALE.md
1400	source/apps/mobile-customer/lib/screens/onboarding/onboarding_screen.dart
1405	tools/run_stripe_client_gate_wrapper.sh
1418	source/apps/mobile-customer/ios/Runner/Assets.xcassets/AppIcon.appiconset/Icon-App-83.5x83.5@2x.png
1418	source/apps/mobile-merchant/ios/Runner/Assets.xcassets/AppIcon.appiconset/Icon-App-83.5x83.5@2x.png
1420	source/apps/mobile-customer/android/app/build.gradle.kts
1420	source/apps/mobile-customer/lib/screens/onboarding/welcome_screen.dart
1420	source/apps/mobile-merchant/android/app/build.gradle.kts
1441	source/apps/web-admin/tools/web_admin_gate_runner.sh
1443	source/apps/mobile-customer/android/app/src/main/res/mipmap-xxxhdpi/ic_launcher.png
1443	source/apps/mobile-customer/lib/models/merchant.dart
1443	source/apps/mobile-merchant/android/app/src/main/res/mipmap-xxxhdpi/ic_launcher.png
1443	source/apps/mobile-merchant/lib/models/merchant.dart
1451	source/apps/web-admin/tools/web_admin_claims_gate_runner.sh
1468	source/ARTIFACTS/HANDOFF/PROJECT_MAP.md
1489	docs/BLOCKER_BACKEND_ORPHAN_FUNCTIONS.md
1536	tools/collect_build_test_evidence.sh
1541	tools/run_stripe_client_phase_finalizer_wrapper.sh
1579	source/ARTIFACTS/HANDOFF/HANDOFF_INDEX.md
1605	source/apps/mobile-customer/ios/Runner/Base.lproj/Main.storyboard
1605	source/apps/mobile-merchant/ios/Runner/Base.lproj/Main.storyboard
1618	source/ARTIFACTS/ZERO_GAPS/git_status.txt
1623	source/apps/mobile-merchant/lib/models/customer.dart
1669	source/apps/mobile-merchant/ios/Runner/Info.plist
1674	source/apps/mobile-customer/ios/Runner/Assets.xcassets/AppIcon.appiconset/Icon-App-60x60@3x.png
1674	source/apps/mobile-merchant/ios/Runner/Assets.xcassets/AppIcon.appiconset/Icon-App-60x60@3x.png
1677	source/apps/web-admin/tools/run_web_admin_diagnostics_smoke.sh
1696	source/apps/mobile-customer/lib/screens/onboarding/how_it_works_screen.dart
1706	source/apps/mobile-customer/.metadata
1706	source/apps/mobile-merchant/.metadata
1710	source/apps/mobile-merchant/lib/screens/onboarding/welcome_screen.dart
1744	docs/BLOCKER_MERCHANT_APP_FEATURES.md
1767	source/apps/mobile-customer/lib/widgets/reconciled/reconciled_offline_banner.dart
1769	source/ARTIFACTS/ZERO_GAPS/README.md
1774	source/apps/mobile-customer/lib/models/customer.dart
1776	source/backend/firebase-functions/src/adapters/messaging.ts
1778	source/backend/rest-api/package.json
1784	source/backend/rest-api/src/config/database.ts
1796	source/apps/mobile-customer/windows/runner/CMakeLists.txt
1796	source/apps/mobile-merchant/windows/runner/CMakeLists.txt
1797	source/apps/mobile-customer/test/services/auth_service_test.dart
1797	source/apps/mobile-customer/windows/runner/utils.cpp
1797	source/apps/mobile-merchant/windows/runner/utils.cpp
1801	source/apps/mobile-customer/test/services/deep_link_service_test.dart
1816	source/ARTIFACTS/GAP_CLOSURE/merchant_fix_report.md
1822	source/apps/mobile-customer/ios/Runner/Info.plist
1837	source/backend/firebase-functions/src/middleware/validation.ts
1839	tools/audit/show_reality_map_v2_stats.py
1863	tools/audit/_ledger_latest_artifacts.py
1875	source/apps/mobile-customer/test/services/qr_service_test.dart
1885	docs/BLOCKER_FIRESTORE_CONFIG.md
1906	docs/BLOCKER_ADMIN_POINTS_MANAGEMENT.md
1916	tools/external_dependency_gate.sh
1932	PROOF_STRIPE_CLIENT_PHASE.md
1946	source/apps/web-admin/headers.conf
1952	source/apps/mobile-merchant/lib/screens/onboarding/notification_priming_screen.dart
1983	source/apps/mobile-customer/lib/screens/onboarding/notification_priming_screen.dart
1987	source/apps/mobile-customer/test/services/customer_service_test.dart
2025	docs/BLOCKER_ADMIN_ANALYTICS_FRAUD.md
2037	source/apps/mobile-customer/lib/widgets/reconciled/reconciled_skeleton_loader.dart
2063	tools/compute_spec_counts.py
2094	docs/RUNBOOK_INCIDENT_RESPONSE.md
2116	source/backend/firebase-functions/package.json
2122	source/apps/mobile-customer/windows/runner/flutter_window.cpp
2122	source/apps/mobile-merchant/windows/runner/flutter_window.cpp
2124	docs/BLOCKER_BACKEND_SECURITY_001.md
2133	tools/gates/final_evidence_audit.sh
2156	tools/audit/extract_failures.py
2171	source/apps/web-admin/components/AdminLayout.tsx
2172	source/apps/mobile-customer/lib/services/deep_link_service.dart
2195	docs/CEO_QATAR_CLONE_STATUS.md
2209	source/apps/mobile-merchant/android/app/src/main/AndroidManifest.xml
2218	source/apps/mobile-customer/macos/Runner/Assets.xcassets/AppIcon.appiconset/app_icon_64.png
2218	source/apps/mobile-merchant/macos/Runner/Assets.xcassets/AppIcon.appiconset/app_icon_64.png
2220	docs/CLONE_PARITY_REPORT_QATAR.md
2234	source/apps/mobile-merchant/test/widget_test.dart
2235	source/apps/mobile-customer/web/firebase-messaging-sw.js
2235	source/apps/mobile-merchant/web/firebase-messaging-sw.js
2265	tools/run_stripe_cli_replay_gate_wrapper.sh
2333	tools/run_prod_gate_wrapper.sh
2348	tools/run_zero_human_pain_gate_wrapper.sh
2354	source/apps/mobile-customer/lib/services/location_service.dart
2354	source/apps/mobile-customer/lib/widgets/reconciled/reconciled_animated_counter.dart
2377	source/apps/mobile-customer/ios/Runner/Base.lproj/LaunchScreen.storyboard
2377	source/apps/mobile-merchant/ios/Runner/Base.lproj/LaunchScreen.storyboard
2378	source/ARTIFACTS/ZERO_GAPS/PHASE0_STATE.md
2422	source/apps/mobile-merchant/lib/utils/role_validator.dart
2438	PRODUCTION_DEPLOYMENT_PROOF.md
2440	tools/run_sprint1_wrapper.sh
2458	source/apps/mobile-customer/lib/utils/role_validator.dart
2458	source/apps/mobile-merchant/lib/services/stripe_client.dart
2464	tools/gates/xss_regression_selftest.py
2470	source/ARTIFACTS/GAP_CLOSURE/monitoring_activation.md
2478	FINAL_NONPTY_GATE_VERDICT.md
2511	source/backend/firebase-functions/src/__tests__/testEnv.ts
2519	source/apps/mobile-customer/ios/Runner/Assets.xcassets/AppIcon.appiconset/Contents.json
2519	source/apps/mobile-merchant/ios/Runner/Assets.xcassets/AppIcon.appiconset/Contents.json
2530	tools/print_gate_failures.py
2535	source/apps/mobile-customer/lib/services/stripe_client.dart
2536	source/apps/mobile-customer/android/app/src/main/AndroidManifest.xml
2560	source/tools/fullstack_go_gate.sh
2566	docs/APP_MAP_AND_BASELINE_SUMMARY.md
2568	tools/e2e/e2e_web_admin_playwright_proof.sh
2613	docs/parity/QATAR_OBSERVED_BASELINE.md
2617	source/backend/firebase-functions/src/__tests__/core-points.test.ts
2634	tools/prod_deploy_proof.sh
2647	tools/e2e/e2e_mobile_customer_integration_proof.sh
2647	tools/e2e/e2e_mobile_merchant_integration_proof.sh
2684	tools/audit/validate_fullstack_line_audit.py
2694	tools/run_with_timeout.py
2741	tools/gates/xss_synthetic_check.py
2750	tools/audit/run_gates.py
2799	source/ARTIFACTS/HANDOFF/QUICK_START.md
2812	source/apps/mobile-merchant/lib/screens/auth/whatsapp_phone_screen.dart
2815	source/apps/mobile-customer/linux/flutter/CMakeLists.txt
2815	source/apps/mobile-merchant/linux/flutter/CMakeLists.txt
2825	README_PHASE3.md
2829	source/backend/firebase-functions/src/__tests__/points.branches.test.ts
2875	docs/IMPLEMENTATION_ROADMAP.md
2901	QUICK_REFERENCE.md
2918	tools/generate_evidence_pack.py
2925	source/ARTIFACTS/generate_network_calls.sh
3036	source/apps/mobile-merchant/lib/screens/onboarding/how_it_works_screen.dart
3060	source/ARTIFACTS/generate_data_map.sh
3060	tools/gates/no_unsafe_innerhtml.js
3064	source/apps/mobile-customer/lib/models/offer.dart
3076	tools/gates/full_stack_gate.sh
3077	source/ARTIFACTS/PHASE_6_7/diffs/changed_files.txt
3087	source/apps/mobile-customer/windows/runner/Runner.rc
3087	source/apps/mobile-merchant/windows/runner/Runner.rc
3092	IMPLEMENTATION_COMPLETE.md
3094	tools/final_gap_scan_gate.sh
3095	source/apps/mobile-customer/lib/firebase_options.dart
3095	source/apps/mobile-merchant/lib/firebase_options.dart
3116	READINESS.json
3127	tools/full_stack_gate.sh
3132	tools/e2e/e2e_backend_emulator_proof.sh
3168	source/apps/mobile-customer/lib/services/billing_state.dart
3168	source/apps/mobile-merchant/lib/services/billing_state.dart
3200	source/ARTIFACTS/INTEGRATION/DAY1_DEPLOY_UNBLOCK_snapshot.md
3204	source/apps/mobile-customer/integration_test/pain_test.dart
3204	source/apps/web-admin/pages/admin/login.tsx
3234	tools/gates/precommit_no_secrets.py
3290	docs/CEO_FINAL_STATUS.md
3293	tools/compute_reality_counts.py
3299	source/backend/firebase-functions/tools/loop_backend_coverage.sh
3327	source/ARTIFACTS/GAP_CLOSURE/app_icons_spec.md
3378	source/apps/mobile-customer/lib/screens/auth/role_blocked_screen.dart
3378	source/apps/mobile-merchant/lib/screens/auth/role_blocked_screen.dart
3390	source/apps/web-admin/pages/admin/diagnostics.tsx
3463	source/tools/reconcile_versions.sh
3475	tools/gates/http_not_https_regression_selftest.py
3490	source/backend/firebase-functions/tools/run_tests_with_emulators.cjs
3508	AUDIT_V2_EXECUTIVE_BRIEFING.md
3522	source/apps/mobile-customer/windows/runner/win32_window.h
3522	source/apps/mobile-merchant/windows/runner/win32_window.h
3525	source/ARTIFACTS/generate_entrypoints.sh
3539	source/apps/mobile-customer/lib/services/offers_repository.dart
3605	tools/final_nonpty_gate.sh
3626	SELF_ASSESSMENT.json
3667	source/apps/mobile-merchant/lib/models/offer.dart
3723	source/apps/mobile-customer/lib/screens/auth/whatsapp_phone_screen.dart
3742	source/apps/mobile-customer/windows/flutter/CMakeLists.txt
3742	source/apps/mobile-merchant/windows/flutter/CMakeLists.txt
3743	source/apps/mobile-customer/macos/Runner.xcodeproj/xcshareddata/xcschemes/Runner.xcscheme
3743	source/apps/mobile-merchant/macos/Runner.xcodeproj/xcshareddata/xcschemes/Runner.xcscheme
3770	source/backend/firebase-functions/src/utils/rateLimiter.ts
3833	source/apps/mobile-customer/ios/Runner.xcodeproj/xcshareddata/xcschemes/Runner.xcscheme
3833	source/apps/mobile-merchant/ios/Runner.xcodeproj/xcshareddata/xcschemes/Runner.xcscheme
3836	BATCH_5_SUMMARY.md
3871	source/ARTIFACTS/INTEGRATION/README.md
3890	tools/gates/hardcoded_secret_regression_selftest.py
3891	tools/run_stripe_gate_wrapper.sh
3897	source/scripts/seed/populate_test_data.sh
3904	source/apps/web-admin/src/__tests__/auth.test.ts
3909	source/apps/mobile-merchant/src/__tests__/merchant.test.ts
3917	source/ARTIFACTS/ZERO_GAPS/PHASE1_VALIDATION_REPORT.md
3939	source/docs/07_APPS_OVERVIEW.md
3945	source/backend/firebase-functions/src/__tests__/authz_enforcement.test.ts
3957	source/backend/firebase-functions/.env.example
3964	source/backend/firebase-functions/src/logger.ts
3990	BLOCKER_UP-FS-008.md
3993	AUDIT_V2_CHECKLIST.md
4013	scripts/backup-firestore.sh
4057	source/backend/rest-api/src/types/index.ts
4076	docs/QATAR_BASELINE_FEATURES.yaml
4081	source/tools/run_reconcile_gate.sh
4088	source/backend/rest-api/src/tests/subscription.integration.test.js
4091	tools/stripe_webhook_replay.js
4150	source/ARTIFACTS/GAP_CLOSURE/mobile_quality_report.md
4151	source/backend/firebase-functions/src/__tests__/core-qr.test.ts
4178	source/apps/mobile-customer/windows/CMakeLists.txt
4178	source/apps/mobile-merchant/windows/CMakeLists.txt
4213	source/backend/firebase-functions/src/__tests__/alert-functions.test.ts
4262	PHASE3_STATUS.md
4287	source/apps/mobile-merchant/pubspec.yaml
4302	source/backend/rest-api/test_api.sh
4369	source/scripts/configure_firebase_env.sh
4387	source/infra/firestore.rules
4394	source/backend/firebase-functions/load_test.js
4412	source/apps/mobile-customer/pubspec.yaml
4452	BATCH_4_SUMMARY.md
4455	source/backend/firebase-functions/src/whatsapp.test.ts.skip
4493	source/apps/web-admin/tools/web_admin_claims_gate.sh
4526	docs/CTO_PHASE2_PARTIALS_LIST.md
4543	source/apps/mobile-customer/lib/services/customer_service.dart
4592	source/backend/firebase-functions/src/__tests__/core-admin.test.ts
4673	source/apps/mobile-customer/lib/screens/favorites_screen.dart
4688	STAKEHOLDER_EMAIL.md
4711	source/apps/mobile-customer/lib/screens/debug/crash_test_screen.dart
4784	source/apps/mobile-customer/linux/CMakeLists.txt
4784	source/apps/mobile-merchant/linux/CMakeLists.txt
4796	CUSTOMER_APP_AUTOPILOT_COMPLETE.md
4815	docs/STRIPE_CLI_REPLAY_QA.md
4855	source/ARTIFACTS/P0_FINAL_IMPLEMENTATION_REPORT.md
4880	source/ARTIFACTS/generate_deployment_map.sh
4932	tools/run_zero_human_pain_gate_internal_beta.sh
4950	source/backend/firebase-functions/src/obsTestHook.ts
4965	source/apps/mobile-merchant/lib/screens/debug/crash_test_screen.dart
5075	source/ARTIFACTS/PHASE_6_7/reports/PHASE7_FAILING_TESTS.md
5079	source/backend/firebase-functions/tools/run_phase3_ci.cjs
5111	source/backend/firebase-functions/src/adminModeration.ts
5122	tools/internal_beta_gate_hard.sh
5292	source/apps/mobile-customer/web/icons/Icon-192.png
5292	source/apps/mobile-merchant/web/icons/Icon-192.png
5309	source/ARTIFACTS/generate_inventory.sh
5374	source/apps/mobile-customer/linux/runner/my_application.cc
5374	source/apps/mobile-merchant/linux/runner/my_application.cc
5379	docs/CTO_ADMIN_REALITY_REPORT.md
5389	source/backend/firebase-functions/test/helpers/emulator.js.map
5389	tools/loop/__pycache__/next_order.cpython-313.pyc
5424	tools/gates/reality_gate_new.sh
5426	source/backend/firebase-functions/src/__tests__/admin.branches.test.ts
5441	source/scripts/deploy_production.sh
5484	source/apps/web-admin/tools/web_admin_gate.sh
5503	BLOCKER_UP-FS-009.md
5511	CTO_EXECUTIVE_SUMMARY.md
5522	docs/ZERO_HUMAN_PAIN_GATE.md
5527	AUDIT_EXECUTION_SUMMARY.md
5532	source/backend/firebase-functions/src/__tests__/points.critical.test.ts
5540	tools/loop/next_order.py
5555	source/apps/mobile-merchant/lib/screens/auth/whatsapp_otp_screen.dart
5594	docs/CTO_HANDOVER/README.md
5594	source/apps/mobile-customer/web/icons/Icon-maskable-192.png
5594	source/apps/mobile-merchant/web/icons/Icon-maskable-192.png
5622	source/backend/firebase-functions/uat_test.js
5680	source/apps/mobile-customer/macos/Runner/Assets.xcassets/AppIcon.appiconset/app_icon_128.png
5680	source/apps/mobile-merchant/macos/Runner/Assets.xcassets/AppIcon.appiconset/app_icon_128.png
5704	PHASE3_VERIFICATION_FINAL.md
5709	CEO_FINAL_STATUS_FULL_STACK.md
5757	FORENSIC_INDEX.md
5794	tools/gates/GATE_STRENGTH_POLICY.md
5803	tools/gates/reality_gate.sh
5810	source/apps/mobile-customer/lib/screens/redemption/redemption_history_screen.dart
5817	source/apps/web-admin/tools/web_admin_diagnostics_smoke.sh
5833	tools/nonpty_gate.sh
5901	source/apps/mobile-merchant/tool/auth_sanity.dart
5911	tools/audit/rebuild_manifest_from_concat.py
5929	source/apps/mobile-customer/tool/auth_sanity.dart
5957	tools/stripe_client_gate_hard.sh
5960	source/ARTIFACTS/PHASE_6_7/reports/FINAL_PHASE6_7_REPORT.md
5970	tools/excel/apply_audit_to_excel.py
5988	tools/audit/reality_map_safe.py
6062	BLOCKERS/qatar_offer_model.md
6064	tools/gates/security_hardcoded_secret_selftest.py
6083	source/docs/03_ARCHITECTURE_FRONTEND.md
6107	source/ARTIFACTS/INTEGRATION/DAY1_EVIDENCE_SUMMARY.md
6115	AUDIT_V2_COMPLETION_REPORT.md
6115	tools/autopilot_customer_0gaps.py
6129	tools/fix_missing_blocker_docs.py
6147	source/backend/firebase-functions/src/monitoring.ts
6177	source/apps/mobile-customer/lib/screens/auth/whatsapp_otp_screen.dart
6197	source/ARTIFACTS/PHASE_6_7/reports/BASELINE_REPORT.md
6234	source/backend/firebase-functions/load_test_firestore.js
6318	source/apps/mobile-customer/lib/screens/redemption/redemption_confirmation_screen.dart
6319	PRODUCTION_GATE_FINAL_REPORT.md
6323	source/ARTIFACTS/ZERO_GAPS/PHASE2_STRIPE_CONFIG_REPORT.md
6334	source/ARTIFACTS/ZERO_GAPS/BUSINESS_LOGIC_FINAL_REPORT.md
6411	source/ARTIFACTS/HANDOFF/MICRO_LEVEL_VERIFICATION.md
6413	tools/audit/build_ledger_2w.py
6472	source/ARTIFACTS/GAP_CLOSURE/CI_CD_OVERVIEW.md
6479	source/backend/firebase-functions/README.md
6538	tools/env_gate.sh
6567	source/apps/mobile-customer/lib/services/fcm_service.dart
6567	source/apps/mobile-merchant/lib/services/fcm_service.dart
6583	source/backend/firebase-functions/src/__tests__/qr.validation.test.ts
6584	tools/release_gate.sh
6630	source/backend/rest-api/src/tests/manual_subscription_mvp.test.js
6632	tools/audit/reality_map_one_shot.py
6665	source/backend/firebase-functions/test/helpers/emulator.ts
6703	source/ARTIFACTS/INTEGRATION/DAY1_FINAL_STATUS.md
6721	tools/stripe_client_phase_finalizer.sh
6823	docs/STRIPE_SECRETS_SETUP.md
6857	source/ARTIFACTS/generate_test_reality.sh
6869	tools/zero_human_pain_gate_demo.sh
6895	source/backend/firebase-functions/src/auth.ts
6902	source/backend/rest-api/pm2-production-manager.sh
6906	tools/excel/update_from_evidence.py
6909	tools/generate_admin_report_data.py
6932	source/ARTIFACTS/generate_contract_matrix.sh
6939	source/ARTIFACTS/INTEGRATION/DAY3/DAY3_PLAN.md
7031	MISSION_ACCOMPLISHED.md
7072	tools/audit/letter_by_letter_reader.py
7075	source/ARTIFACTS/INTEGRATION/DAY2/DAY2_PLAN.md
7148	source/scripts/test_cloud_functions_logic.sh
7181	tools/fix_blockers_autogen.py
7359	source/apps/mobile-customer/lib/screens/billing/billing_screen.dart
7374	source/apps/mobile-merchant/lib/screens/billing/billing_screen.dart
7408	tools/prod_deploy_gate_hard.sh
7464	STRICT_GATE_HONEST_PASS_REPORT.md
7506	docs/CTO_NEXT_FIXES.md
7519	tools/gates/build_innerhtml_inventory.py
7524	source/backend/firebase-functions/src/__tests__/integration.test.ts
7536	source/backend/firebase-functions/src/core/indexCore.ts
7540	source/ARTIFACTS/PHASE_6_7/reports/PHASE6_REPORT.md
7595	FORENSIC_SUMMARY.txt
7660	tools/release_policy_proof.sh
7776	docs/ANDROID_SIGNING.md
7782	source/ARTIFACTS/ZERO_GAPS/PAYMENTS_FINAL_REPORT.md
7811	ZERO_HUMAN_PAIN_GATE_VERIFICATION.md
7866	ADMIN_PROGRESS_TABLE.md
7880	PHASE3_DOCUMENTATION_INDEX.md
7892	PROGRESS_REPORT.md
7920	source/apps/mobile-merchant/lib/screens/qr_scanner_screen.dart
7925	source/README.md
7949	PHASE3_FINAL_IMPLEMENTATION_RECORD.md
7965	source/backend/firebase-functions/src/core/admin.ts
7975	tools/generate_cto_verdict.py
7984	PHASE3_DELIVERY_SUMMARY.md
8019	tools/generate_admin_report_final.py
8022	tools/gates/verify_deep_audit_v2.py
8025	source/scripts/backup_firestore.sh
8061	source/apps/mobile-customer/lib/screens/edit_profile_screen.dart
8063	source/backend/firebase-functions/test/helpers/emulator.js
8073	source/ARTIFACTS/ZERO_GAPS/PHASE3_TESTING_REPORT.md
8106	STAGING_GATE_RESTORATION_COMPLETE.md
8114	source/ARTIFACTS/INTEGRATION/DAY1_COMPLETION_REPORT.md
8154	HARD_GATE_V2_FINAL_VERDICT.md
8247	source/infra/firestore.indexes.json
8252	source/apps/mobile-customer/web/icons/Icon-512.png
8252	source/apps/mobile-merchant/web/icons/Icon-512.png
8283	BLOCKER_UP-FS-016.md
8284	source/apps/mobile-customer/analysis_options.yaml
8300	source/scripts/verify_deployment.sh
8441	source/ARTIFACTS/ZERO_GAPS/FINAL_GO_NO_GO.md
8445	source/ARTIFACTS/ZERO_GAPS/EXECUTIVE_SUMMARY.md
8534	source/apps/mobile-customer/windows/runner/win32_window.cpp
8534	source/apps/mobile-merchant/windows/runner/win32_window.cpp
8657	source/ARTIFACTS/LAUNCH_HARDENING/onboarding_flow_spec.md
8677	SUBSCRIPTION_OFFERS_IMPLEMENTATION_REPORT.md
8693	URBAN_POINTS_LEBANON_PROJECT_MICRO_SPEC.md
8726	docs/PROJECT_FINAL_STATUS.md
8779	source/ARTIFACTS/GAP_CLOSURE/DESIGN_SYSTEM.md
8828	source/backend/firebase-functions/src/validation/schemas.ts
8839	docs/parity/EVIDENCE_MODE_RESULTS.md
8841	source/ARTIFACTS/INTEGRATION/DAY1_NOGO_REPORT.md
8856	PHASE3_FINAL_COMPLETION_SUMMARY.md
8932	source/apps/mobile-customer/lib/screens/offers_list_screen.dart
8947	docs/DEPLOYMENT_GUIDE.md
8963	source/ARTIFACTS/ZERO_GAPS/FINAL_STATUS_REPORT.md
9053	source/CTO_HANDOVER_SUMMARY.md
9078	Copilot_Completion_Prompt.md
9078	tools/phase4_add_anchors.py
9140	docs/MASTER_FILE_EXECUTION_STATUS.md
9142	tools/clone_parity/compute_clone_parity.py
9274	docs/CTO_HANDOVER/04_decision_memo/cto_decision.md
9320	FULL_STACK_IMPLEMENTATION_COMPLETE.md
9427	source/backend/firebase-functions/src/sms.ts
9429	tools/phase4_full_completion.py
9493	source/ARTIFACTS/PRODUCTION_READINESS_CHECKLIST.md
9602	source/backend/firebase-functions/src/privacy.ts
9619	tools/analyze_excel.py
9623	tools/stripe_deferred_gate.sh
9627	source/ARTIFACTS/RECONCILIATION/STEP1_2_EXECUTION_LOG.md
9673	REQUIRED_ENVS.md
9674	source/docs/01_SYSTEM_OVERVIEW.md
9843	tools/gates/cto_verify.py.old
9858	source/ARTIFACTS/PHASE_6_7/reports/PHASE7_REPORT.md
9860	source/backend/firebase-functions/src/__tests__/pin-system-qa.test.ts
9879	tools/run_zero_human_pain_gate_internal_beta.sh.backup
9892	source/apps/web-admin/pages/admin/offers.tsx
10062	PATH_A_VERIFIED_SUCCESS.md
10082	source/ARTIFACTS/INTEGRATION/DAY2/DAY2_EXECUTION_LOG.md
10113	tools/final_release_gate.sh
10193	ZERO_HUMAN_PAIN_GATE_FILES.md
10201	tools/gates/run_mobile_final_proof.py
10215	source/apps/web-admin/pages/admin/merchants.tsx
10244	source/.DS_Store
10282	source/ARTIFACTS/PRODUCTION/PRODUCTION_MISSION_PLAN.md
10305	source/apps/web-admin/pages/admin/users.tsx
10311	source/ARTIFACTS/RECONCILIATION/variants_inventory.json
10317	docs/STRIPE_PHASE_PLAN.md
10338	FINAL_DELIVERABLES.md
10387	source/ARTIFACTS/GAP_CLOSURE/P0_P1_FINAL_EXECUTION_REPORT.md
10407	tools/e2e_seed_and_flow.mjs
10430	COPILOT_100_FULLSTACK_ZERO_GAPS.md
10457	ZERO_HUMAN_PAIN_GATE_CTO_REVIEW_FINAL.md
10504	tools/fullstack_gate.sh
10561	CUSTOMER_APP_TODAY_0_GAPS.md
10561	source/backend/firebase-functions/PHASE2_COMPLETION_REPORT.md
10621	ZERO_HUMAN_PAIN_GATE_SECURITY_FIX.md
10623	tools/phase4_create_anchor_files.py
10661	source/apps/mobile-customer/lib/screens/auth/login_screen.dart
10661	source/apps/mobile-merchant/lib/screens/auth/login_screen.dart
10803	source/backend/firebase-functions/src/__tests__/indexCore.test.ts
10860	docs/PHASE3_FINAL_EVIDENCE_REPORT.md
10861	docs/parity/evidence/phase3/20260106_194538/OUTPUT.md
10867	DEPLOY_BLOCKERS.md
10900	.github/workflows/deploy.yml
10903	docs/parity/EVIDENCE_MODE_V2_RAW.md
10913	docs/EXECUTION_CONTRACT.md
10922	REAL_DEVICE_SMOKE_TEST_CHECKLIST.md
10928	ZERO_HUMAN_PAIN_GATE_SUMMARY.md
10932	source/apps/mobile-customer/ios/Runner/Assets.xcassets/AppIcon.appiconset/Icon-App-1024x1024@1x.png
10932	source/apps/mobile-merchant/ios/Runner/Assets.xcassets/AppIcon.appiconset/Icon-App-1024x1024@1x.png
11048	tools/gates/staging_gate_runner_original.py
11104	tools/zero_human_backend_pain_test.cjs
11110	AUDIT_INDEX.md
11129	source/apps/mobile-customer/lib/screens/auth/signup_screen.dart
11129	source/apps/mobile-merchant/lib/screens/auth/signup_screen.dart
11131	source/ARTIFACTS/INTEGRATION/DAY3/DAY3_EXECUTION_LOG.md
11143	source/ARTIFACTS/GAP_CLOSURE/admin_ops_report.md
11148	scripts/setup-monitoring.sh
11174	source/ARTIFACTS/LAUNCH_HARDENING/PHASE_C_FINAL_REPORT.md
11232	docs/CTO_HANDOVER/02_product_system_catalog/project_intent.md
11241	tools/loop/loop_auto.sh
11251	tools/feature_completeness_gate.sh
11363	README.md
11366	source/apps/mobile-merchant/lib/screens/merchant_analytics_screen.dart
11383	docs/IOS_SIGNING.md
11386	source/backend/firebase-functions/src/__tests__/privacy-functions.test.ts
11405	PATH_A_IMPLEMENTATION_COMPLETE.md
11423	docs/ZERO_HUMAN_PAIN_GATE_README.md
11480	spec/requirements_and_flows.md
11530	source/apps/mobile-merchant/lib/screens/my_offers_screen.dart
11642	FULL_STACK_DELIVERY_SUMMARY.md
11662	tools/zero_human_pain_gate_hard.sh
11684	source/docs/PRODUCTION_CONFIG.md
11699	tools/sprint1_runner_hard.sh
11838	CTO_REPORT_INDEX.md
11980	source/ARTIFACTS/PRODUCTION/PAYMENTS_REPORT.md
12115	docs/STRIPE_PHASE_COMPLETE.md
12121	tools/audit/product_code_reality_map.py
12128	source/ARTIFACTS/INTEGRATION/DAY2/DAY2_DIFF_SUMMARY.md
12160	source/ARTIFACTS/PRODUCTION/EXECUTIVE_SUMMARY.md
12191	source/apps/mobile-customer/lib/screens/subscription_screen.dart
12221	tools/reality_scan/run_pivot_qatar.py
12292	docs/.DS_Store
12314	source/apps/mobile-customer/lib/screens/qr_generation_screen.dart
12316	tools/phase3_gate.sh
12347	source/apps/web-admin/pages/admin/analytics.tsx
12436	source/backend/firebase-functions/src/paymentWebhooks.ts
12560	PRODUCTION_MONITORING_CONFIG.md
12566	tools/stripe_cli_replay_gate_hard.sh
12567	source/apps/web-admin/pages/admin/manual-subscriptions.tsx
12588	tools/stripe_phase_gate_hard.sh
12597	tools/e2e/run_e2e_proof_pack_v2.sh
12633	source/backend/firebase-functions/VALIDATION_MIDDLEWARE_AUDIT.md
12686	source/ARTIFACTS/PRODUCTION/NO_GO_FINAL_DECISION.md
12695	tools/gates/run_final_staging_proof.py
12816	source/backend/firebase-functions/src/__tests__/pin-system.test.ts
12826	FULL_STACK_INDEX.md
12863	docs/CTO_ADMIN_STATUS_REPORT.md
12868	source/ARTIFACTS/PRODUCTION/FINAL_GO_NO_GO.md
12884	source/backend/rest-api/docs/API_DOCUMENTATION.md
12900	docs/CTO_HANDOVER/01_reality_map/frontend_reality.md
12926	DEPLOYMENT_READINESS_CHECKLIST.md
12936	source/apps/web-admin/pages/admin/compliance.tsx
13060	source/backend/firebase-functions/src/phase3Notifications.ts
13102	tools/final_e2e_correct.js
13128	source/apps/mobile-customer/lib/screens/profile_screen.dart
13204	source/apps/mobile-customer/lib/screens/points_history_screen.dart
13206	tools/phase3_evidence_capture.sh
13287	SPRINT_1_EXECUTION_COMMANDS.md
13291	source/backend/firebase-functions/src/pushCampaigns.ts
13327	COMPLETION_REPORT_FINAL.md
13380	source/backend/firebase-functions/src/whatsapp.ts
13429	docs/API_REFERENCE.md
13476	tools/pivot/run_qatar_gapmap.py
13477	tools/audit/reality_map_from_letter_by_letter.py
13557	tools/excel/reconcile_orders.py
13697	tools/reality_scan/run_reality_scan.py
13872	PROJECT_CONTROL.md
13955	PHASE3_GO_LIVE_CHECKLIST.md
14118	source/ARTIFACTS/RECONCILIATION/RECONCILIATION_REPORT.md
14142	source/apps/mobile-customer/macos/Runner/Assets.xcassets/AppIcon.appiconset/app_icon_256.png
14142	source/apps/mobile-merchant/macos/Runner/Assets.xcassets/AppIcon.appiconset/app_icon_256.png
14150	source/ARTIFACTS/COMPREHENSIVE_GAP_ANALYSIS.md
14215	tools/gates/final_evidence_audit.py
14372	source/scripts/restore_firestore.sh
14394	tools/manual_subscription/run_manual_subscription_proof.py
14417	source/ARTIFACTS/PRODUCTION/TEST_COVERAGE_REPORT.md
14437	source/apps/web-admin/pages/admin/payments.tsx
14506	source/ARTIFACTS/FINAL_ANALYSIS/COMPREHENSIVE_FULLSTACK_GAP_ANALYSIS.md
14537	reality_map/REALITY_MAP.md
14585	docs/parity/evidence/phase3/20260120_174344/OUTPUT.md
14595	tools/generate_cto_admin_report.py
14619	source/apps/mobile-merchant/lib/screens/validate_redemption_screen.dart
14670	docs/CTO_HANDOVER/01_reality_map/database_reality.md
14714	tools/final_e2e_smoke_authenticated_fixed.js
14734	docs/parity/evidence/phase3/20260120_180434/OUTPUT.md
14739	source/apps/mobile-customer/lib/screens/notifications_screen.dart
14776	tools/web_admin_mutation_gate.sh
14792	source/backend/firebase-functions/src/manualPayments.ts
14838	source/apps/mobile-customer/lib/screens/settings_screen.dart
14843	COMPLETE_FILE_BY_FILE_AUDIT_REPORT.md
14913	docs/CTO_HANDOVER/01_reality_map/backend_reality.md
14920	ROADMAP_V3_PROGRESS.md
14929	source/ARTIFACTS/LAUNCH_HARDENING/deep_link_test_matrix.md
15334	source/ARTIFACTS/INTEGRATION/DAY3/DAY3_DIFF_SUMMARY.md
15394	source/ARTIFACTS/LAUNCH_HARDENING/deep_link_routes.md
15394	tools/vibe/truth_bundle.py
15474	source/backend/firebase-functions/src/phase3Scheduler.ts
15561	source/ARTIFACTS/LAUNCH_HARDENING/notification_taxonomy.md
15599	source/ARTIFACTS/LAUNCH_HARDENING/cache_policy.md
15610	source/apps/mobile-customer/lib/services/auth_service.dart
15643	source/ARTIFACTS/INTEGRATION/DAY2/DAY2_COMPLETION_REPORT.md
15646	source/docs/05_DEPLOYMENT_GUIDE.md
15658	BRUTAL_REALITY_MAP.md
15706	source/ARTIFACTS/PRODUCTION/BUSINESS_LOGIC_REPORT.md
15868	source/apps/mobile-merchant/lib/screens/edit_offer_screen.dart
15923	source/apps/mobile-merchant/lib/services/auth_service.dart
15954	CTO_PROJECT_MANAGER_REPORT.md
15989	tools/gates/hard_gate_v2_customer.py
16320	ROADMAP_V2_COMPLETION.md
16361	source/backend/firebase-functions/src/__tests__/subscriptionAutomation.test.ts
16388	.DS_Store
16452	docs/parity/evidence/phase3/20260106_192614/OUTPUT.md
16456	source/apps/mobile-merchant/lib/screens/create_offer_screen.dart
16465	source/backend/firebase-functions/src/__tests__/sms.test.ts
16474	source/ARTIFACTS/GAP_CLOSURE/FINAL_GAP_CLOSURE_VERDICT.md
16616	docs/parity/evidence/phase3/20260106_190015/OUTPUT.md
16804	docs/parity/evidence/phase3/20260106_202949/OUTPUT.md
16855	docs/parity/evidence/phase3/20260106_195932/OUTPUT.md
16970	docs/COLLECTION_SCHEMAS.md
17065	source/ARTIFACTS/GAP_SUMMARY_VISUAL.txt
17198	docs/CTO_HANDOVER/03_blueprint_map/completion_phases.md
17226	source/backend/firebase-functions/src/subscriptionAutomation.ts
17568	tools/reality_diff_gate.sh
17664	source/backend/firebase-functions/src/core/fcm.ts
17802	source/ARTIFACTS/GAP_CLOSURE/SECURITY_HARDENING.md
17826	FULL_STACK_GATE_TECHNICAL_GUIDE.md
17902	tools/gates/cto_verify.py
18161	source/apps/mobile-customer/lib/screens/offer_detail_screen.dart
18248	tools/final_e2e_smoke_authenticated.js
18345	V3_ROADMAP_STATUS.md
18357	docs/CTO_GAP_AUDIT.md
18640	source/apps/mobile-merchant/pubspec.lock
18680	tools/web_admin_runtime_e2e_gate.sh
18928	docs/parity/PHASE3_EVIDENCE.md
19108	tools/final_e2e_smoke.js
19188	source/docs/02_ARCHITECTURE_BACKEND.md
19256	source/ARTIFACTS/LAUNCH_HARDENING/onboarding_screen_map.md
19472	FORENSIC_REPORT_FULL_PROJECT.md
19605	source/backend/firebase-functions/src/__tests__/paymentWebhooks.test.ts
19720	SPRINT_1_PRODUCTION_HARDENING_REPORT.md
19814	source/docs/06_COPILOT_CONTEXT.md
19859	source/ARTIFACTS/LAUNCH_HARDENING/offline_behavior_matrix.md
20159	CTO_FULL_STACK_AUDIT_REPORT.md
20974	source/backend/firebase-functions/src/__tests__/phase3.test.ts
20998	source/apps/mobile-customer/web/icons/Icon-maskable-512.png
20998	source/apps/mobile-merchant/web/icons/Icon-maskable-512.png
21177	source/ARTIFACTS/FULL_STACK_GAP_ANALYSIS.md
21182	FINAL_PRODUCTION_READY.md
21212	docs/REALITY_LOCK_REPORT.md
21262	tools/e2e/run_e2e_proof_pack.sh
21411	tools/audit/reality_map_final.py
21691	spec/requirements.yaml.backup
21772	source/ARTIFACTS/LAUNCH_HARDENING/onboarding_state_logic.md
22589	source/ARTIFACTS/COMPREHENSIVE_PROJECT_ANALYSIS.md
22964	source/apps/mobile-customer/pubspec.lock
23682	source/backend/firebase-functions/src/__tests__/pushCampaigns.test.ts
23729	source/apps/mobile-customer/macos/Runner/Base.lproj/MainMenu.xib
23729	source/apps/mobile-merchant/macos/Runner/Base.lproj/MainMenu.xib
23729	source/docs/04_DATA_MODELS.md
23738	source/apps/mobile-customer/ios/Runner.xcodeproj/project.pbxproj
23738	source/apps/mobile-merchant/ios/Runner.xcodeproj/project.pbxproj
24126	source/ARTIFACTS/LAUNCH_HARDENING/notification_preferences_spec.md
24146	source/backend/firebase-functions/src/core/qr.ts
24801	tools/gates/staging_gate_runner_upgraded.py
25236	docs/parity/PARITY_MATRIX.md
25867	tools/audit/reality_map_v2_from_manifest.py
26332	source/ARTIFACTS/LAUNCH_HARDENING/ux_guardrails.md
26531	source/apps/mobile-customer/macos/Runner.xcodeproj/project.pbxproj
26531	source/apps/mobile-merchant/macos/Runner.xcodeproj/project.pbxproj
26807	docs/parity/PHASE2_FORENSIC_REPORT.md
27116	source/ARTIFACTS/GAP_CLOSURE/PHASE1_MONITORING.md
27342	tools/audit/fullstack_line_audit.py
27432	source/backend/firebase-functions/src/stripe.ts
27544	source/ARTIFACTS/GAP_CLOSURE/ENVIRONMENT_STRATEGY.md
27631	tools/gates/verify_deep_audit_claims.py
28765	source/backend/firebase-functions/src/core/points.ts
28853	source/ARTIFACTS/GAP_CLOSURE/DISASTER_RECOVERY_RUNBOOK.md
29572	UrbanPoints_CTO_Master_Control_v4.xlsx
29578	source/apps/web-admin/index.html
29992	docs/CUSTOMER_APP_TODAY_INPUTS.md
30001	tools/reality_scan/run_identity_scan.py
30023	source/ARTIFACTS/GAP_CLOSURE/COMPREHENSIVE_FRONTEND_BACKEND_DESIGN_GAPS.md
30995	FINAL_COMPLETION_REPORT.md
31858	PROJECT_MANAGER_CHRONOLOGICAL_REPORT.md
33178	docs/REALITY_MAP_FULL_STACK.md
33772	source/apps/mobile-customer/windows/runner/resources/app_icon.ico
33772	source/apps/mobile-merchant/windows/runner/resources/app_icon.ico
34785	docs/PM_BACKLOG.md
36142	source/backend/firebase-functions/src/index.ts
36406	source/apps/mobile-customer/macos/Runner/Assets.xcassets/AppIcon.appiconset/app_icon_512.png
36406	source/apps/mobile-merchant/macos/Runner/Assets.xcassets/AppIcon.appiconset/app_icon_512.png
36940	source/apps/mobile-merchant/lib/main.dart
37067	KANBAN_BOARD.md
37303	docs/CTO_COMPREHENSIVE_REALITY_REPORT.md
37609	reality_map/DEAD_CODE.json
38246	tools/gates/staging_gate_runner.py
38317	source/backend/firebase-functions/src/core/offers.ts
39036	spec/requirements.yaml
39076	Urban points project (1).pdf
39117	source/apps/mobile-customer/lib/main.dart
42901	docs/parity/COMPLETION_LOG.md
47912	UrbanPoints_CTO_Master_Control_v2.xlsx
48242	source/backend/rest-api/src/server.ts
49778	spec/REALITY_MAP_FULL_STACK.yaml
56297	FULL_STACK_REALITY_MAP.md
86663	reality_map/JUNK_CODE.json
90042	source/apps/web-admin/tsconfig.tsbuildinfo
93510	package-lock.json
102994	source/apps/mobile-customer/macos/Runner/Assets.xcassets/AppIcon.appiconset/app_icon_1024.png
102994	source/apps/mobile-merchant/macos/Runner/Assets.xcassets/AppIcon.appiconset/app_icon_1024.png
103416	reality_map/FILES_READ.json
108297	source/ARTIFACTS/ZERO_GAPS/diff.patch
129256	source/apps/web-admin/package-lock.json
296116	source/backend/rest-api/package-lock.json
1171371	UrbanPoints_CTO_Master_Control_v4_1_tests.xlsx
